label,scheme,traitID
Subtropical population,http://top-thesaurus.org/trait#,TOP804
Bark sugar content per bark dry mass,http://top-thesaurus.org/trait#,TOP913
Absorptive fine root cellulose content per dry mass,http://top-thesaurus.org/trait#,TOP828
Root manganese content per root dry mass trait,http://top-thesaurus.org/trait#,TOP719
Specific fine root length,http://top-thesaurus.org/trait#,TOP937
Seed length,http://top-thesaurus.org/trait#,TOP91
Monoecious plant,http://top-thesaurus.org/trait#,TOP297
Shoot turio,http://top-thesaurus.org/trait#,TOP164
Stem carbon content per stem dry mass,http://top-thesaurus.org/trait#,TOP491
Shoot architecture type,http://top-thesaurus.org/trait#,TOP140
Bark manganese content per bark dry mass,http://top-thesaurus.org/trait#,TOP382
Meridional population,http://top-thesaurus.org/trait#,TOP805
Transport fine root cellulose content per dry mass,http://top-thesaurus.org/trait#,TOP829
Specific fine root length,http://top-thesaurus.org/trait#,TOP938
Stem sugar content per stem dry mass,http://top-thesaurus.org/trait#,TOP914
Dispersule length trait,http://top-thesaurus.org/trait#,TOP90
Shoot bulb,http://top-thesaurus.org/trait#,TOP165
Dioecious plant,http://top-thesaurus.org/trait#,TOP298
Stem chlorine content per stem dry mass,http://top-thesaurus.org/trait#,TOP492
Bark molybdenum content per bark dry mass,http://top-thesaurus.org/trait#,TOP383
Bambusoid,http://top-thesaurus.org/trait#,TOP141
Magenta flower,http://top-thesaurus.org/trait#,TOP250
Third order fine root cellulose content per dry mass,http://top-thesaurus.org/trait#,TOP826
Specific root length trait,http://top-thesaurus.org/trait#,TOP935
Root iron content per root dry mass trait,http://top-thesaurus.org/trait#,TOP717
Stem wood copper content per stem wood dry mass,http://top-thesaurus.org/trait#,TOP608
Shoot sugar content per shoot dry mass,http://top-thesaurus.org/trait#,TOP911
Austral population,http://top-thesaurus.org/trait#,TOP802
Ellenberg light value,http://top-thesaurus.org/trait#,TOP186
Plant dicliny type,http://top-thesaurus.org/trait#,TOP295
Shoot tendril,http://top-thesaurus.org/trait#,TOP162
Bark iron content per bark dry mass,http://top-thesaurus.org/trait#,TOP380
Branch sugar content per branch dry mass,http://top-thesaurus.org/trait#,TOP912
Fourth order fine root cellulose content per dry mass,http://top-thesaurus.org/trait#,TOP827
Root magnesium content per root dry mass trait,http://top-thesaurus.org/trait#,TOP718
Stem wood iron content per stem wood dry mass,http://top-thesaurus.org/trait#,TOP609
Tropical population,http://top-thesaurus.org/trait#,TOP803
Specific coarse root length,http://top-thesaurus.org/trait#,TOP936
Succulent shoot,http://top-thesaurus.org/trait#,TOP163
Hermaphroditic plant,http://top-thesaurus.org/trait#,TOP296
Bark magnesium content per bark dry mass,http://top-thesaurus.org/trait#,TOP381
Stem calcium content per stem dry mass,http://top-thesaurus.org/trait#,TOP490
Stem wood chlorine content per stem wood dry mass,http://top-thesaurus.org/trait#,TOP606
Fine root lignin content per fine root dry mass,http://top-thesaurus.org/trait#,TOP848
Wood molybdenum content per wood dry mass trait,http://top-thesaurus.org/trait#,TOP739
Branch coarse woody debris sugar content per branch coarse woody debris dry mass,http://top-thesaurus.org/trait#,TOP933
Seed width,http://top-thesaurus.org/trait#,TOP95
Arctic species,http://top-thesaurus.org/trait#,TOP800
Fine root cellulose content per fine root dry mass,http://top-thesaurus.org/trait#,TOP824
Plant dry mass,http://top-thesaurus.org/trait#,TOP71
Root cobalt content per root dry mass trait,http://top-thesaurus.org/trait#,TOP715
Alpine distributed plant population,http://top-thesaurus.org/trait#,TOP184
Plant flowering end trait,http://top-thesaurus.org/trait#,TOP293
Shoot thorn,http://top-thesaurus.org/trait#,TOP160
Root copper content per root dry mass trait,http://top-thesaurus.org/trait#,TOP716
Stem wood cobalt content per stem wood dry mass,http://top-thesaurus.org/trait#,TOP607
Fine root lignin content per fine root dry mass,http://top-thesaurus.org/trait#,TOP849
Litter sugar content per litter dry mass,http://top-thesaurus.org/trait#,TOP934
Plant sugar content per plant dry mass,http://top-thesaurus.org/trait#,TOP910
Antarctic population,http://top-thesaurus.org/trait#,TOP801
Dispersule width trait,http://top-thesaurus.org/trait#,TOP94
Second order fine root cellulose content per per dry mass,http://top-thesaurus.org/trait#,TOP825
Plant height generative,http://top-thesaurus.org/trait#,TOP70
Shoot tuber,http://top-thesaurus.org/trait#,TOP161
Plant flowering phases number trait,http://top-thesaurus.org/trait#,TOP294
Plant nickel content per plant dry mass,http://top-thesaurus.org/trait#,TOP519
Coarse root cellulose content per coarse root dry mass,http://top-thesaurus.org/trait#,TOP822
Root carbon content per root dry mass trait,http://top-thesaurus.org/trait#,TOP713
Stem wood calcium content per stem wood dry mass,http://top-thesaurus.org/trait#,TOP604
Root lignin content per root dry mass trait,http://top-thesaurus.org/trait#,TOP846
Germinule length,http://top-thesaurus.org/trait#,TOP93
Wood magnesium content per wood dry mass trait,http://top-thesaurus.org/trait#,TOP737
Root cellulose content per root dry mass trait,http://top-thesaurus.org/trait#,TOP821
Seed sugar content per seed dry mass,http://top-thesaurus.org/trait#,TOP930
Montane distributed plant population,http://top-thesaurus.org/trait#,TOP182
Plant flowering duration trait,http://top-thesaurus.org/trait#,TOP291
Wood manganese content per wood dry mass trait,http://top-thesaurus.org/trait#,TOP738
Stem coarse woody debris sugar content per stem coarse woody debris dry mass,http://top-thesaurus.org/trait#,TOP932
Fine root cellulose content per fine root dry mass,http://top-thesaurus.org/trait#,TOP823
Root chlorine content per root dry mass trait,http://top-thesaurus.org/trait#,TOP714
Stem wood carbon content per stem wood dry mass,http://top-thesaurus.org/trait#,TOP605
Coarse root lignin content per coarse root dry mass,http://top-thesaurus.org/trait#,TOP847
Fruit length,http://top-thesaurus.org/trait#,TOP92
Coarse woody debris sugar content per coarse woody debris dry mass trait,http://top-thesaurus.org/trait#,TOP931
Subalpine distributed plant population,http://top-thesaurus.org/trait#,TOP183
Plant flowering begin trait,http://top-thesaurus.org/trait#,TOP292
Seed thickness,http://top-thesaurus.org/trait#,TOP99
Coarse root silicon content per coarse root dry mass,http://top-thesaurus.org/trait#,TOP408
Cotyledon lipid content per cotyledon dry mass,http://top-thesaurus.org/trait#,TOP868
Plant leaf dry mass trait,http://top-thesaurus.org/trait#,TOP75
Stem wood aluminium content per stem wood dry mass,http://top-thesaurus.org/trait#,TOP602
Specific leaf lamina area,http://top-thesaurus.org/trait#,TOP51
Leaf lignin content per leaf dry mass,http://top-thesaurus.org/trait#,TOP844
Wood copper content per wood dry mass trait,http://top-thesaurus.org/trait#,TOP735
Plant molybdenum content per plant dry mass,http://top-thesaurus.org/trait#,TOP517
Coarse woody debris sodium content per coarse woody debris dry mass trait,http://top-thesaurus.org/trait#,TOP759
Root aluminum content per root dry mass trait,http://top-thesaurus.org/trait#,TOP710
Cotyledon lignin content per cotyledon dry mass,http://top-thesaurus.org/trait#,TOP843
Litter zinc content per litter dry mass,http://top-thesaurus.org/trait#,TOP601
Transport fine root diameter,http://top-thesaurus.org/trait#,TOP952
Lowland distributed plant population,http://top-thesaurus.org/trait#,TOP180
Leaf lipid content per leaf dry mass,http://top-thesaurus.org/trait#,TOP869
Coarse root sulfur content per coarse root dry mass,http://top-thesaurus.org/trait#,TOP409
Plant sodium content per plant dry mass,http://top-thesaurus.org/trait#,TOP518
Dispersule thickness trait,http://top-thesaurus.org/trait#,TOP98
Root calcium content per root dry mass trait,http://top-thesaurus.org/trait#,TOP712
Stem wood boron content per stem wood dry mass,http://top-thesaurus.org/trait#,TOP603
Leaf lignin content per leaf area,http://top-thesaurus.org/trait#,TOP845
Plant leaf lamina area,http://top-thesaurus.org/trait#,TOP74
Wood iron content per wood dry mass trait,http://top-thesaurus.org/trait#,TOP736
Specific leaf area,http://top-thesaurus.org/trait#,TOP50
Leaf cellulose content per leaf area,http://top-thesaurus.org/trait#,TOP820
Root boron content per root dry mass trait,http://top-thesaurus.org/trait#,TOP711
Colline distributed plant population,http://top-thesaurus.org/trait#,TOP181
Germinule width,http://top-thesaurus.org/trait#,TOP97
Stem wood lipid content per stem wood dry mass,http://top-thesaurus.org/trait#,TOP866
Plant magnesium content per plant dry mass,http://top-thesaurus.org/trait#,TOP515
Plant leaf area,http://top-thesaurus.org/trait#,TOP73
Coarse woody debris manganese content per coarse woody debris dry mass trait,http://top-thesaurus.org/trait#,TOP757
Stem coarse woody debris magnesium content per stem coarse woody debris dry mass,http://top-thesaurus.org/trait#,TOP648
Coarse root phosphorus content per coarse root dry mass,http://top-thesaurus.org/trait#,TOP406
Stem wood lignin content per stem wood dry mass,http://top-thesaurus.org/trait#,TOP841
Wood carbon content per wood dry mass trait,http://top-thesaurus.org/trait#,TOP732
Wood lipid content per wood dry mass trait,http://top-thesaurus.org/trait#,TOP865
Fourth order fine root  diameter,http://top-thesaurus.org/trait#,TOP950
Branch wood lipid content per branch wood dry mass,http://top-thesaurus.org/trait#,TOP867
Wood cobalt content per wood dry mass trait,http://top-thesaurus.org/trait#,TOP734
Fruit width,http://top-thesaurus.org/trait#,TOP96
Coarse root potassium content per coarse root dry mass,http://top-thesaurus.org/trait#,TOP407
Coarse woody debris molybdenum content per coarse woody debris dry mass trait,http://top-thesaurus.org/trait#,TOP758
Plant manganese content per plant dry mass,http://top-thesaurus.org/trait#,TOP516
Stem coarse woody debris manganese content per stem coarse woody debris dry mass,http://top-thesaurus.org/trait#,TOP649
Plant leaf area trait,http://top-thesaurus.org/trait#,TOP72
Litter sulfur content per litter dry mass,http://top-thesaurus.org/trait#,TOP600
Branch wood lignin content per branch wood dry mass,http://top-thesaurus.org/trait#,TOP842
Wood chlorine content per wood dry mass trait,http://top-thesaurus.org/trait#,TOP733
Absorptive fine root  diameter,http://top-thesaurus.org/trait#,TOP951
Plant specific leaf area,http://top-thesaurus.org/trait#,TOP79
Leaf density trait,http://top-thesaurus.org/trait#,TOP55
Leaf lamina volume,http://top-thesaurus.org/trait#,TOP31
Bark hemicellulose content per bark dry mass,http://top-thesaurus.org/trait#,TOP888
Stem coarse woody debris copper content per stem coarse woody debris dry mass,http://top-thesaurus.org/trait#,TOP646
Cryptic self incompatible plant,http://top-thesaurus.org/trait#,TOP319
Coarse root nickel content per coarse root dry mass,http://top-thesaurus.org/trait#,TOP404
Ellenberg moisture value,http://top-thesaurus.org/trait#,TOP779
Branch sulfur content per branch dry mass,http://top-thesaurus.org/trait#,TOP428
Wood boron content per wood dry mass trait,http://top-thesaurus.org/trait#,TOP730
Coarse root sodium content per coarse root dry mass,http://top-thesaurus.org/trait#,TOP403
Coarse woody debris copper content per coarse woody debris dry mass trait,http://top-thesaurus.org/trait#,TOP754
Plant cobalt content per plant dry mass,http://top-thesaurus.org/trait#,TOP512
Stem coarse woody debris cobalt content per stem coarse woody debris dry mass,http://top-thesaurus.org/trait#,TOP645
Branch hemicellulose content per branch dry mass,http://top-thesaurus.org/trait#,TOP887
Bark lipid content per bark dry mass,http://top-thesaurus.org/trait#,TOP863
Plant specific leaf area trait,http://top-thesaurus.org/trait#,TOP78
Stem hemicellulose content per stem dry mass,http://top-thesaurus.org/trait#,TOP889
Leaf lamina mass per area,http://top-thesaurus.org/trait#,TOP54
Coarse root nitrogen content per coarse root dry mass,http://top-thesaurus.org/trait#,TOP405
Coarse woody debris magnesium content per coarse woody debris dry mass trait,http://top-thesaurus.org/trait#,TOP756
Leaf volume,http://top-thesaurus.org/trait#,TOP30
Plant iron content per plant dry mass,http://top-thesaurus.org/trait#,TOP514
Stem coarse woody debris iron content per stem coarse woody debris dry mass,http://top-thesaurus.org/trait#,TOP647
Branch zinc content per branch dry mass,http://top-thesaurus.org/trait#,TOP429
Wood lignin content per wood dry mass trait,http://top-thesaurus.org/trait#,TOP840
Wood calcium content per wood dry mass trait,http://top-thesaurus.org/trait#,TOP731
Plant copper content per plant dry mass,http://top-thesaurus.org/trait#,TOP513
Coarse woody debris iron content per coarse woody debris dry mass trait,http://top-thesaurus.org/trait#,TOP755
Stem lipid content per stem dry mass,http://top-thesaurus.org/trait#,TOP864
Plant leaf lamina dry mass,http://top-thesaurus.org/trait#,TOP77
Leaf mass per area,http://top-thesaurus.org/trait#,TOP53
Fine root phosphorus content per fine root dry mass,http://top-thesaurus.org/trait#,TOP559
Branch coarse woody debris manganese content per branch coarse woody debris dry mass,http://top-thesaurus.org/trait#,TOP668
Branch potassium content per branch dry mass,http://top-thesaurus.org/trait#,TOP426
Plant has lethal alleles,http://top-thesaurus.org/trait#,TOP317
Coarse root manganese content per coarse root dry mass,http://top-thesaurus.org/trait#,TOP401
Coarse woody debris chlorine content per coarse woody debris dry mass trait,http://top-thesaurus.org/trait#,TOP752
Shoot lipid content per shoot dry mass,http://top-thesaurus.org/trait#,TOP861
Plant carbon content per plant dry mass,http://top-thesaurus.org/trait#,TOP510
Stem coarse woody debris carbon content per stem coarse woody debris dry mass,http://top-thesaurus.org/trait#,TOP643
Light,http://top-thesaurus.org/trait#,TOP776
Branch phosphorus content per branch dry mass,http://top-thesaurus.org/trait#,TOP425
Branch coarse woody debris magnesium content per branch coarse woody debris dry mass,http://top-thesaurus.org/trait#,TOP667
Plant hemicellulose content per plant dry mass,http://top-thesaurus.org/trait#,TOP885
Plant leaf dry mass,http://top-thesaurus.org/trait#,TOP76
Branch silicon content per branch dry mass,http://top-thesaurus.org/trait#,TOP427
Ellenberg temperature value,http://top-thesaurus.org/trait#,TOP778
Plant has inbreeding depression,http://top-thesaurus.org/trait#,TOP318
Leaf mass per area trait,http://top-thesaurus.org/trait#,TOP52
Branch coarse woody debris molybdenum content per branch coarse woody debris dry mass,http://top-thesaurus.org/trait#,TOP669
Plant chlorine content per plant dry mass,http://top-thesaurus.org/trait#,TOP511
Stem wood zinc content per stem wood dry mass,http://top-thesaurus.org/trait#,TOP620
Coarse woody debris cobalt content per coarse woody debris dry mass trait,http://top-thesaurus.org/trait#,TOP753
Stem coarse woody debris chlorine content per stem coarse woody debris dry mass,http://top-thesaurus.org/trait#,TOP644
Coarse root molybdenum content per coarse root dry mass,http://top-thesaurus.org/trait#,TOP402
Full light,http://top-thesaurus.org/trait#,TOP777
Shoot hemicellulose content per shoot dry mass,http://top-thesaurus.org/trait#,TOP886
Branch lipid content per branch dry mass,http://top-thesaurus.org/trait#,TOP862
Petiole thickness,http://top-thesaurus.org/trait#,TOP59
Leaf fresh mass,http://top-thesaurus.org/trait#,TOP35
Spatial distribution,http://top-thesaurus.org/trait#,TOP11
Cotyledon zinc content per cotyledon dry mass,http://top-thesaurus.org/trait#,TOP448
Geitonogamous flower,http://top-thesaurus.org/trait#,TOP339
Branch coarse woody debris lipid content per branch coarse woody debris dry mass,http://top-thesaurus.org/trait#,TOP883
Gametophytic sporophytic incompatible plant,http://top-thesaurus.org/trait#,TOP314
Branch nickel content per branch dry mass,http://top-thesaurus.org/trait#,TOP423
Between semi-shade and semi-light,http://top-thesaurus.org/trait#,TOP774
Branch coarse woody debris copper content per branch coarse woody debris dry mass,http://top-thesaurus.org/trait#,TOP665
Cotyledon sulfur content per cotyledon dry mass,http://top-thesaurus.org/trait#,TOP447
Temperate species,http://top-thesaurus.org/trait#,TOP798
Fine root sodium content per fine root dry mass,http://top-thesaurus.org/trait#,TOP556
Shoot sodium content per shoot dry mass,http://top-thesaurus.org/trait#,TOP689
Coarse woody debris calcium content per coarse woody debris dry mass trait,http://top-thesaurus.org/trait#,TOP750
Stem coarse woody debris boron content per stem coarse woody debris dry mass,http://top-thesaurus.org/trait#,TOP641
Petiole length,http://top-thesaurus.org/trait#,TOP58
Leaf fresh mass trait,http://top-thesaurus.org/trait#,TOP34
Environmental association,http://top-thesaurus.org/trait#,TOP10
Leaf aluminium content per leaf dry mass,http://top-thesaurus.org/trait#,TOP449
Fine root nitrogen content per fine root dry mass,http://top-thesaurus.org/trait#,TOP558
Postcygotic self incompatible plant,http://top-thesaurus.org/trait#,TOP316
Stem coarse woody debris calcium content per stem coarse woody debris dry mass,http://top-thesaurus.org/trait#,TOP642
Heteromorphic self incompatible plant,http://top-thesaurus.org/trait#,TOP315
Coarse root magnesium content per coarse root dry mass,http://top-thesaurus.org/trait#,TOP400
Semi-light,http://top-thesaurus.org/trait#,TOP775
Plant lipid content per plant dry mass,http://top-thesaurus.org/trait#,TOP860
Fine root nickel content per fine root dry mass,http://top-thesaurus.org/trait#,TOP557
Branch coarse woody debris iron content per branch coarse woody debris dry mass,http://top-thesaurus.org/trait#,TOP666
Branch nitrogen content per branch dry mass,http://top-thesaurus.org/trait#,TOP424
Boreal species,http://top-thesaurus.org/trait#,TOP799
Coarse woody debris carbon content per coarse woody debris dry mass trait,http://top-thesaurus.org/trait#,TOP751
Litter lipid content per litter dry mass,http://top-thesaurus.org/trait#,TOP884
Leaf lamina density,http://top-thesaurus.org/trait#,TOP57
Leaflet lamina volume,http://top-thesaurus.org/trait#,TOP33
Obligate apomictic plant,http://top-thesaurus.org/trait#,TOP119
Broadleaved leaf,http://top-thesaurus.org/trait#,TOP228
Self pollinated flower,http://top-thesaurus.org/trait#,TOP336
Cotyledon potassium content per cotyledon dry mass,http://top-thesaurus.org/trait#,TOP445
Meridional  species,http://top-thesaurus.org/trait#,TOP796
Scale-like leaf,http://top-thesaurus.org/trait#,TOP227
Fine root manganese content per fine root dry mass,http://top-thesaurus.org/trait#,TOP554
Shoot manganese content per shoot dry mass,http://top-thesaurus.org/trait#,TOP687
Leaf boron content per leaf area,http://top-thesaurus.org/trait#,TOP469
Sporophytic self incompatible plant,http://top-thesaurus.org/trait#,TOP312
Coarse woody debris lipid content per coarse woody debris dry mass trait,http://top-thesaurus.org/trait#,TOP881
Seed phosphorus content per seed dry mass,http://top-thesaurus.org/trait#,TOP578
Branch molybdenum content per branch dry mass,http://top-thesaurus.org/trait#,TOP421
Between shade and semi-shade,http://top-thesaurus.org/trait#,TOP772
Branch coarse woody debris chlorine content per branch coarse woody debris dry mass,http://top-thesaurus.org/trait#,TOP663
Leaf density,http://top-thesaurus.org/trait#,TOP56
Leaflet volume,http://top-thesaurus.org/trait#,TOP32
Cleistogamous flower,http://top-thesaurus.org/trait#,TOP338
Grass-like leaf,http://top-thesaurus.org/trait#,TOP229
Fine root molybdenum content per fine root dry mass,http://top-thesaurus.org/trait#,TOP555
Branch coarse woody debris cobalt content per branch coarse woody debris dry mass,http://top-thesaurus.org/trait#,TOP664
Branch sodium content per branch dry mass,http://top-thesaurus.org/trait#,TOP422
Submeridional  species,http://top-thesaurus.org/trait#,TOP797
Stem coarse woody debris lipid content per stem coarse woody debris dry mass,http://top-thesaurus.org/trait#,TOP882
Pseudocleistogamous flower,http://top-thesaurus.org/trait#,TOP337
Seed potassium content per seed dry mass,http://top-thesaurus.org/trait#,TOP579
Shoot molybdenum content per shoot dry mass,http://top-thesaurus.org/trait#,TOP688
Gametophytic self incompatible plant,http://top-thesaurus.org/trait#,TOP313
Cotyledon silicon content per cotyledon dry mass,http://top-thesaurus.org/trait#,TOP446
Stem coarse woody debris aluminium content per stem coarse woody debris dry mass,http://top-thesaurus.org/trait#,TOP640
Semi-shade,http://top-thesaurus.org/trait#,TOP773
Leaf dry mass trait,http://top-thesaurus.org/trait#,TOP39
Leaf lamina length,http://top-thesaurus.org/trait#,TOP15
Shoot photosynthetic rate per shoot dry mass,http://top-thesaurus.org/trait#,TOP358
Leaf zinc content per leaf dry mass,http://top-thesaurus.org/trait#,TOP467
Seed nickel content per seed dry mass,http://top-thesaurus.org/trait#,TOP576
Amphimictic plant,http://top-thesaurus.org/trait#,TOP116
Red flower,http://top-thesaurus.org/trait#,TOP249
Wind pollinated flower,http://top-thesaurus.org/trait#,TOP334
Leaf form,http://top-thesaurus.org/trait#,TOP225
Self incompatible plant,http://top-thesaurus.org/trait#,TOP310
Between deep shade and shade,http://top-thesaurus.org/trait#,TOP770
Branch coarse woody debris calcium content per branch coarse woody debris dry mass,http://top-thesaurus.org/trait#,TOP661
Cotyledon nitrogen content per cotyledon dry mass,http://top-thesaurus.org/trait#,TOP443
Tropical species,http://top-thesaurus.org/trait#,TOP794
Fine root iron content per fine root dry mass,http://top-thesaurus.org/trait#,TOP552
Shoot iron content per shoot dry mass,http://top-thesaurus.org/trait#,TOP685
Leaflet lamina fresh mass,http://top-thesaurus.org/trait#,TOP38
Leaflet length,http://top-thesaurus.org/trait#,TOP14
Facultative apomictic plant,http://top-thesaurus.org/trait#,TOP118
Shoot magnesium content per shoot dry mass,http://top-thesaurus.org/trait#,TOP686
Mostly amphimictic rarely apomictic plant,http://top-thesaurus.org/trait#,TOP117
Needle leaf,http://top-thesaurus.org/trait#,TOP226
Seed nitrogen content per seed dry mass,http://top-thesaurus.org/trait#,TOP577
Leaf photosynthetic rate per leaf dry mass,http://top-thesaurus.org/trait#,TOP359
Cotyledon phosphorus content per cotyledon dry mass,http://top-thesaurus.org/trait#,TOP444
Seed lipid content per seed dry mass,http://top-thesaurus.org/trait#,TOP880
Water pollinated flower,http://top-thesaurus.org/trait#,TOP335
Leaf aluminium content per leaf area,http://top-thesaurus.org/trait#,TOP468
Shade,http://top-thesaurus.org/trait#,TOP771
Plant self incompatibility mechanism,http://top-thesaurus.org/trait#,TOP311
Branch coarse woody debris carbon content per branch coarse woody debris dry mass,http://top-thesaurus.org/trait#,TOP662
Fine root magnesium content per fine root dry mass,http://top-thesaurus.org/trait#,TOP553
Subtropical species,http://top-thesaurus.org/trait#,TOP795
Branch manganese content per branch dry mass,http://top-thesaurus.org/trait#,TOP420
Leaflet fresh mass,http://top-thesaurus.org/trait#,TOP37
Leaf length,http://top-thesaurus.org/trait#,TOP13
Stem boron content per stem dry mass,http://top-thesaurus.org/trait#,TOP489
Litter potassium content per litter dry mass,http://top-thesaurus.org/trait#,TOP598
Shrub,http://top-thesaurus.org/trait#,TOP138
Plant relative growth rate,http://top-thesaurus.org/trait#,TOP356
Seed shape,http://top-thesaurus.org/trait#,TOP114
Orange flower,http://top-thesaurus.org/trait#,TOP247
Cotyledon sodium content per cotyledon dry mass,http://top-thesaurus.org/trait#,TOP441
Antarctic species,http://top-thesaurus.org/trait#,TOP792
Pronounced protandrous plant,http://top-thesaurus.org/trait#,TOP332
Fine root cobalt content per fine root dry mass,http://top-thesaurus.org/trait#,TOP550
Shoot cobalt content per shoot dry mass,http://top-thesaurus.org/trait#,TOP683
Simple leaf,http://top-thesaurus.org/trait#,TOP223
Leaf silicon content per leaf dry mass,http://top-thesaurus.org/trait#,TOP465
Seed molybdenum content per seed dry mass,http://top-thesaurus.org/trait#,TOP574
Leaf lamina fresh mass,http://top-thesaurus.org/trait#,TOP36
Leaf length trait,http://top-thesaurus.org/trait#,TOP12
Tree,http://top-thesaurus.org/trait#,TOP139
Purple flower,http://top-thesaurus.org/trait#,TOP248
Litter silicon content per litter dry mass,http://top-thesaurus.org/trait#,TOP599
Leaf sulfur content per leaf dry mass,http://top-thesaurus.org/trait#,TOP466
Seed production type,http://top-thesaurus.org/trait#,TOP115
Compound leaf,http://top-thesaurus.org/trait#,TOP224
Leaf photosynthetic rate per leaf area,http://top-thesaurus.org/trait#,TOP357
Ellenberg salt value,http://top-thesaurus.org/trait#,TOP200
Fine root copper content per fine root dry mass,http://top-thesaurus.org/trait#,TOP551
Branch coarse woody debris boron content per branch coarse woody debris dry mass,http://top-thesaurus.org/trait#,TOP660
Flower pollination syndrome,http://top-thesaurus.org/trait#,TOP333
Austral  species,http://top-thesaurus.org/trait#,TOP793
Seed sodium content per seed dry mass,http://top-thesaurus.org/trait#,TOP575
Shoot copper content per shoot dry mass,http://top-thesaurus.org/trait#,TOP684
Cotyledon nickel content per cotyledon dry mass,http://top-thesaurus.org/trait#,TOP442
Leaf thickness trait,http://top-thesaurus.org/trait#,TOP19
Litter hemicellulose content per litter dry mass,http://top-thesaurus.org/trait#,TOP909
Bark cobalt content per bark dry mass,http://top-thesaurus.org/trait#,TOP378
Plant growth form,http://top-thesaurus.org/trait#,TOP136
Launching dispersed plant,http://top-thesaurus.org/trait#,TOP354
Leaf phosphorus content per leaf dry mass,http://top-thesaurus.org/trait#,TOP463
Fruit dry mass,http://top-thesaurus.org/trait#,TOP112
Yellow flower,http://top-thesaurus.org/trait#,TOP245
Seed magnesium content per seed dry mass,http://top-thesaurus.org/trait#,TOP572
Slightly protandrous plant,http://top-thesaurus.org/trait#,TOP330
Therophyte,http://top-thesaurus.org/trait#,TOP221
Litter nitrogen content per litter dry mass,http://top-thesaurus.org/trait#,TOP596
Metahemerobic,http://top-thesaurus.org/trait#,TOP790
Shoot carbon content per shoot dry mass,http://top-thesaurus.org/trait#,TOP681
Leaflet width,http://top-thesaurus.org/trait#,TOP18
Stem aluminium content per stem dry mass,http://top-thesaurus.org/trait#,TOP488
Herb,http://top-thesaurus.org/trait#,TOP137
Green flower,http://top-thesaurus.org/trait#,TOP246
Bark copper content per bark dry mass,http://top-thesaurus.org/trait#,TOP379
Germinule dry mass,http://top-thesaurus.org/trait#,TOP113
Leaf compoundness,http://top-thesaurus.org/trait#,TOP222
Seed manganese content per seed dry mass,http://top-thesaurus.org/trait#,TOP573
Shoot chlorine content per shoot dry mass,http://top-thesaurus.org/trait#,TOP682
Bristle contraction dispersed plant,http://top-thesaurus.org/trait#,TOP355
Cotyledon molybdenum content per cotyledon dry mass,http://top-thesaurus.org/trait#,TOP440
Litter phosphorus content per litter dry mass,http://top-thesaurus.org/trait#,TOP597
Protandrous plant,http://top-thesaurus.org/trait#,TOP331
Leaf potassium content per leaf dry mass,http://top-thesaurus.org/trait#,TOP464
Floristic zone,http://top-thesaurus.org/trait#,TOP791
Leaf width,http://top-thesaurus.org/trait#,TOP17
Stem coarse woody debris hemicellulose content per stem coarse woody debris dry mass,http://top-thesaurus.org/trait#,TOP907
Rhizome,http://top-thesaurus.org/trait#,TOP158
Bark carbon content per bark dry mass,http://top-thesaurus.org/trait#,TOP376
Leaf sulfur content per leaf area,http://top-thesaurus.org/trait#,TOP485
Autogamous plant,http://top-thesaurus.org/trait#,TOP134
Litter sodium content per litter dry mass,http://top-thesaurus.org/trait#,TOP594
Myrmecochory,http://top-thesaurus.org/trait#,TOP352
Dispersule dry mass trait,http://top-thesaurus.org/trait#,TOP110
Blue flower,http://top-thesaurus.org/trait#,TOP243
Leaf nickel content per leaf dry mass,http://top-thesaurus.org/trait#,TOP461
Seed copper content per seed dry mass,http://top-thesaurus.org/trait#,TOP570
Branch coarse woody debris hemicellulose content per branch coarse woody debris dry mass,http://top-thesaurus.org/trait#,TOP908
Leaf width trait,http://top-thesaurus.org/trait#,TOP16
Rhizome-like pleiocorm,http://top-thesaurus.org/trait#,TOP159
Litter nickel content per litter dry mass,http://top-thesaurus.org/trait#,TOP595
Automictic plant,http://top-thesaurus.org/trait#,TOP135
Brown flower,http://top-thesaurus.org/trait#,TOP244
Bark chlorine content per bark dry mass,http://top-thesaurus.org/trait#,TOP377
Leaf nitrogen content per leaf dry mass,http://top-thesaurus.org/trait#,TOP462
Cryptophyte,http://top-thesaurus.org/trait#,TOP220
Seed dry mass,http://top-thesaurus.org/trait#,TOP111
Water dispersed plant,http://top-thesaurus.org/trait#,TOP353
Leaf zinc content per leaf area,http://top-thesaurus.org/trait#,TOP486
Seed iron content per seed dry mass,http://top-thesaurus.org/trait#,TOP571
Shoot calcium content per shoot dry mass,http://top-thesaurus.org/trait#,TOP680
Transport fine root sugar content per dry mass,http://top-thesaurus.org/trait#,TOP929
Seed hemicellulose content per seed dry mass,http://top-thesaurus.org/trait#,TOP905
Coarse root copper content per coarse root dry mass,http://top-thesaurus.org/trait#,TOP398
Brood shoot,http://top-thesaurus.org/trait#,TOP156
Bark boron content per bark dry mass,http://top-thesaurus.org/trait#,TOP374
Autogamous and allogamous plant,http://top-thesaurus.org/trait#,TOP132
Animal external dispersed plant,http://top-thesaurus.org/trait#,TOP350
Plant chromosome number,http://top-thesaurus.org/trait#,TOP241
Leaf potassium content per leaf area,http://top-thesaurus.org/trait#,TOP483
Litter manganese content per litter dry mass,http://top-thesaurus.org/trait#,TOP592
Coarse woody debris hemicellulose content per coarse woody debris dry mass trait,http://top-thesaurus.org/trait#,TOP906
Pleiocorm,http://top-thesaurus.org/trait#,TOP157
Plant population floristic zone,http://top-thesaurus.org/trait#,TOP266
Coarse root iron content per coarse root dry mass,http://top-thesaurus.org/trait#,TOP399
Leaf silicon content per leaf area,http://top-thesaurus.org/trait#,TOP484
Facultative autogamous plant,http://top-thesaurus.org/trait#,TOP133
Flower color,http://top-thesaurus.org/trait#,TOP242
Bark calcium content per bark dry mass,http://top-thesaurus.org/trait#,TOP375
Animal hoarding dispersed plant,http://top-thesaurus.org/trait#,TOP351
Litter molybdenum content per litter dry mass,http://top-thesaurus.org/trait#,TOP593
Leaf sodium content per leaf dry mass,http://top-thesaurus.org/trait#,TOP460
Semi woody,http://top-thesaurus.org/trait#,TOP709
Cotyledon cellulose content per cotyledon dry mass,http://top-thesaurus.org/trait#,TOP818
Fourth order fine root sugar content per dry mass,http://top-thesaurus.org/trait#,TOP927
Absorptive fine root hemicellulose content per dry mass,http://top-thesaurus.org/trait#,TOP903
Alpine distributed plant species,http://top-thesaurus.org/trait#,TOP178
Coarse root chlorine content per coarse root dry mass,http://top-thesaurus.org/trait#,TOP396
Runner shoot with bulbous tip,http://top-thesaurus.org/trait#,TOP154
Stomata density adaxial,http://top-thesaurus.org/trait#,TOP372
Leaf nitrogen content per leaf area,http://top-thesaurus.org/trait#,TOP481
Litter iron content per litter dry mass,http://top-thesaurus.org/trait#,TOP590
Allogamous plant,http://top-thesaurus.org/trait#,TOP130
Leaf cellulose content per leaf dry mass,http://top-thesaurus.org/trait#,TOP819
Absorptive fine root sugar content per dry mass,http://top-thesaurus.org/trait#,TOP928
Transport fine root hemicellulose content per dry mass,http://top-thesaurus.org/trait#,TOP904
Plant population altitudinal range,http://top-thesaurus.org/trait#,TOP179
Bulbil shoot,http://top-thesaurus.org/trait#,TOP155
Coarse root cobalt content per coarse root dry mass,http://top-thesaurus.org/trait#,TOP397
Facultative allogamous plant,http://top-thesaurus.org/trait#,TOP131
Long-leaved leaf,http://top-thesaurus.org/trait#,TOP240
Litter magnesium content per litter dry mass,http://top-thesaurus.org/trait#,TOP591
Bark aluminium content per bark dry mass,http://top-thesaurus.org/trait#,TOP373
Leaf phosphorus content per leaf area,http://top-thesaurus.org/trait#,TOP482
Third order fine root hemicellulose content per dry mass,http://top-thesaurus.org/trait#,TOP901
Stem wood cellulose content per stem wood dry mass,http://top-thesaurus.org/trait#,TOP816
Woody,http://top-thesaurus.org/trait#,TOP707
Third order fine root  diameter,http://top-thesaurus.org/trait#,TOP949
Second order fine root sugar content per per dry mass,http://top-thesaurus.org/trait#,TOP925
Montane distributed plant species,http://top-thesaurus.org/trait#,TOP176
Coarse root calcium content per coarse root dry mass,http://top-thesaurus.org/trait#,TOP394
Runner-like rhizome,http://top-thesaurus.org/trait#,TOP152
Wood specific gravity,http://top-thesaurus.org/trait#,TOP285
Stomata density trait,http://top-thesaurus.org/trait#,TOP370
Fourth order fine root hemicellulose content per dry mass,http://top-thesaurus.org/trait#,TOP902
Branch wood cellulose content per branch wood dry mass,http://top-thesaurus.org/trait#,TOP817
Non woody,http://top-thesaurus.org/trait#,TOP708
Third order fine root sugar content per dry mass,http://top-thesaurus.org/trait#,TOP926
Subalpine distributed plant species,http://top-thesaurus.org/trait#,TOP177
Stem specific density,http://top-thesaurus.org/trait#,TOP286
Assimilating shoot,http://top-thesaurus.org/trait#,TOP153
Coarse root carbon content per coarse root dry mass,http://top-thesaurus.org/trait#,TOP395
Leaf nickel content per leaf area,http://top-thesaurus.org/trait#,TOP480
Stomata density abaxial,http://top-thesaurus.org/trait#,TOP371
Overwintering green,http://top-thesaurus.org/trait#,TOP705
Bark lignin content per bark dry mass,http://top-thesaurus.org/trait#,TOP838
Fine root sugar content per fine root dry mass,http://top-thesaurus.org/trait#,TOP923
Wood aluminium content per wood dry mass trait,http://top-thesaurus.org/trait#,TOP729
Stem cellulose content per stem dry mass,http://top-thesaurus.org/trait#,TOP814
Fine root diameter,http://top-thesaurus.org/trait#,TOP947
Lowland distributed plant species,http://top-thesaurus.org/trait#,TOP174
Coarse root aluminium content per coarse root dry mass,http://top-thesaurus.org/trait#,TOP392
Runner shoot,http://top-thesaurus.org/trait#,TOP150
Bark thickness,http://top-thesaurus.org/trait#,TOP283
Wood cellulose content per wood dry mass trait,http://top-thesaurus.org/trait#,TOP815
Fine root sugar content per fine root dry mass,http://top-thesaurus.org/trait#,TOP924
Woodiness,http://top-thesaurus.org/trait#,TOP706
Stem lignin content per stem dry mass,http://top-thesaurus.org/trait#,TOP839
Second order fine root hemicellulose content per per dry mass,http://top-thesaurus.org/trait#,TOP900
Second order fine root diameter,http://top-thesaurus.org/trait#,TOP948
Wood density,http://top-thesaurus.org/trait#,TOP284
Colline distributed plant species,http://top-thesaurus.org/trait#,TOP175
Runner shoot with tuberous tip,http://top-thesaurus.org/trait#,TOP151
Coarse root boron content per coarse root dry mass,http://top-thesaurus.org/trait#,TOP393
Root sulfur content per root dry mass trait,http://top-thesaurus.org/trait#,TOP727
Stem wood silicon content per stem wood dry mass,http://top-thesaurus.org/trait#,TOP618
Coarse root diameter,http://top-thesaurus.org/trait#,TOP945
Plant calcium content per plant dry mass,http://top-thesaurus.org/trait#,TOP509
Root sugar content per root dry mass trait,http://top-thesaurus.org/trait#,TOP921
Branch cellulose content per branch dry mass,http://top-thesaurus.org/trait#,TOP812
Spring green,http://top-thesaurus.org/trait#,TOP703
Shoot lignin content per shoot dry mass,http://top-thesaurus.org/trait#,TOP836
Plant leaf lamina mass per area,http://top-thesaurus.org/trait#,TOP83
Leaf sugar content per leaf area,http://top-thesaurus.org/trait#,TOP920
Root tuber,http://top-thesaurus.org/trait#,TOP172
Bark sulfur content per bark dry mass,http://top-thesaurus.org/trait#,TOP390
Branch lignin content per branch dry mass,http://top-thesaurus.org/trait#,TOP837
Fine root diameter,http://top-thesaurus.org/trait#,TOP946
Root zinc content per root dry mass trait,http://top-thesaurus.org/trait#,TOP728
Coarse root sugar content per coarse root dry mass,http://top-thesaurus.org/trait#,TOP922
Stem wood sulfur content per stem wood dry mass,http://top-thesaurus.org/trait#,TOP619
Bark cellulose content per bark dry mass,http://top-thesaurus.org/trait#,TOP813
Plant leaf mass per area,http://top-thesaurus.org/trait#,TOP82
Summer green,http://top-thesaurus.org/trait#,TOP704
Plant species altitudinal range,http://top-thesaurus.org/trait#,TOP173
Bark density,http://top-thesaurus.org/trait#,TOP282
Bark zinc content per bark dry mass,http://top-thesaurus.org/trait#,TOP391
Coarse woody debris boron content per coarse woody debris dry mass trait,http://top-thesaurus.org/trait#,TOP749
Plant aluminium content per plant dry mass,http://top-thesaurus.org/trait#,TOP507
Specific transport fine root length,http://top-thesaurus.org/trait#,TOP943
Deciduous,http://top-thesaurus.org/trait#,TOP701
Litter cellulose content per litter dry mass,http://top-thesaurus.org/trait#,TOP834
Root potassium content per root dry mass trait,http://top-thesaurus.org/trait#,TOP725
Stem wood phosphorus content per stem wood dry mass,http://top-thesaurus.org/trait#,TOP616
Branch coarse woody debris lignin content per branch coarse woody debris dry mass,http://top-thesaurus.org/trait#,TOP858
Plant leaf mass per area trait,http://top-thesaurus.org/trait#,TOP81
Phenology,http://top-thesaurus.org/trait#,TOP700
Specific absorptive fine root length,http://top-thesaurus.org/trait#,TOP942
Succulent plant,http://top-thesaurus.org/trait#,TOP170
Plant boron content per plant dry mass,http://top-thesaurus.org/trait#,TOP508
Stem wood potassium content per stem wood dry mass,http://top-thesaurus.org/trait#,TOP617
Litter lignin content per litter dry mass,http://top-thesaurus.org/trait#,TOP859
Root diameter trait,http://top-thesaurus.org/trait#,TOP944
Shoot cellulose content per shoot dry mass,http://top-thesaurus.org/trait#,TOP811
Evergreen,http://top-thesaurus.org/trait#,TOP702
Plant lignin content per plant dry mass,http://top-thesaurus.org/trait#,TOP835
Root silicon content per root dry mass trait,http://top-thesaurus.org/trait#,TOP726
Plant specific leaf lamina area,http://top-thesaurus.org/trait#,TOP80
Plant cellulose content per plant dry mass,http://top-thesaurus.org/trait#,TOP810
Thickened lateral root,http://top-thesaurus.org/trait#,TOP171
Leaf area ratio trait,http://top-thesaurus.org/trait#,TOP87
Root nitrogen content per root dry mass trait,http://top-thesaurus.org/trait#,TOP723
Petiole dry mass,http://top-thesaurus.org/trait#,TOP63
Coarse woody debris lignin content per coarse woody debris dry mass trait,http://top-thesaurus.org/trait#,TOP856
Stem wood nickel content per stem wood dry mass,http://top-thesaurus.org/trait#,TOP614
Wood zinc content per wood dry mass trait,http://top-thesaurus.org/trait#,TOP747
Stem sulfur content per stem dry mass,http://top-thesaurus.org/trait#,TOP505
Coarse woody debris cellulose content per coarse woody debris dry mass trait,http://top-thesaurus.org/trait#,TOP831
Root nickel content per root dry mass trait,http://top-thesaurus.org/trait#,TOP722
Specific  third order fine root length,http://top-thesaurus.org/trait#,TOP940
Leaf lamina mass ratio,http://top-thesaurus.org/trait#,TOP86
Petiole fresh mass,http://top-thesaurus.org/trait#,TOP62
Branch coarse woody debris cellulose content per branch coarse woody debris dry mass,http://top-thesaurus.org/trait#,TOP833
Root phosphorus content per root dry mass trait,http://top-thesaurus.org/trait#,TOP724
Stem zinc content per stem dry mass,http://top-thesaurus.org/trait#,TOP506
Stem wood nitrogen content per stem wood dry mass,http://top-thesaurus.org/trait#,TOP615
Stem coarse woody debris lignin content per stem coarse woody debris dry mass,http://top-thesaurus.org/trait#,TOP857
Coarse woody debris aluminium content per coarse woody debris dry mass trait,http://top-thesaurus.org/trait#,TOP748
Stem coarse woody debris cellulose content per stem coarse woody debris dry mass,http://top-thesaurus.org/trait#,TOP832
Specific fourth order fine root length,http://top-thesaurus.org/trait#,TOP941
Mostly self incompatible plant,http://top-thesaurus.org/trait#,TOP309
Absorptive fine root lipid content per dry mass,http://top-thesaurus.org/trait#,TOP878
Wood silicon content per wood dry mass trait,http://top-thesaurus.org/trait#,TOP745
Stem potassium content per stem dry mass,http://top-thesaurus.org/trait#,TOP503
Leaf mass ratio,http://top-thesaurus.org/trait#,TOP85
Branch iron content per branch dry mass,http://top-thesaurus.org/trait#,TOP418
Deep shade,http://top-thesaurus.org/trait#,TOP769
Petiole volume,http://top-thesaurus.org/trait#,TOP61
Root molybdenum content per root dry mass trait,http://top-thesaurus.org/trait#,TOP720
Stem phosphorus content per stem dry mass,http://top-thesaurus.org/trait#,TOP502
Stem wood manganese content per stem wood dry mass,http://top-thesaurus.org/trait#,TOP611
Absorptive fine root lignin content per dry mass,http://top-thesaurus.org/trait#,TOP853
Wood potassium content per wood dry mass trait,http://top-thesaurus.org/trait#,TOP744
Transport fine root lipid content per dry mass,http://top-thesaurus.org/trait#,TOP879
Branch magnesium content per branch dry mass,http://top-thesaurus.org/trait#,TOP419
Leaf mass ratio trait,http://top-thesaurus.org/trait#,TOP84
Stem silicon content per stem dry mass,http://top-thesaurus.org/trait#,TOP504
Stem wood sodium content per stem wood dry mass,http://top-thesaurus.org/trait#,TOP613
Seed lignin content per seed dry mass,http://top-thesaurus.org/trait#,TOP855
Wood sulfur content per wood dry mass trait,http://top-thesaurus.org/trait#,TOP746
Petiole area,http://top-thesaurus.org/trait#,TOP60
Seed cellulose content per seed dry mass,http://top-thesaurus.org/trait#,TOP830
Root sodium content per root dry mass trait,http://top-thesaurus.org/trait#,TOP721
Stem wood molybdenum content per stem wood dry mass,http://top-thesaurus.org/trait#,TOP612
Transport fine root lignin content per dry mass,http://top-thesaurus.org/trait#,TOP854
Petiole density,http://top-thesaurus.org/trait#,TOP67
Leaflet lamina dry mass,http://top-thesaurus.org/trait#,TOP43
Self compatible plant,http://top-thesaurus.org/trait#,TOP307
Branch cobalt content per branch dry mass,http://top-thesaurus.org/trait#,TOP416
Altitudinal range,http://top-thesaurus.org/trait#,TOP767
Plant zinc content per plant dry mass,http://top-thesaurus.org/trait#,TOP525
Stem coarse woody debris zinc content per stem coarse woody debris dry mass,http://top-thesaurus.org/trait#,TOP658
Fine root chlorine content per fine root dry mass,http://top-thesaurus.org/trait#,TOP549
Third order fine root lignin content per dry mass,http://top-thesaurus.org/trait#,TOP851
Stem nickel content per stem dry mass,http://top-thesaurus.org/trait#,TOP500
Wood nitrogen content per wood dry mass trait,http://top-thesaurus.org/trait#,TOP742
Plant sulfur content per plant dry mass,http://top-thesaurus.org/trait#,TOP524
Coarse woody debris zinc content per coarse woody debris dry mass trait,http://top-thesaurus.org/trait#,TOP766
Second order fine root lipid content per per dry mass,http://top-thesaurus.org/trait#,TOP875
Petiole dry matter content,http://top-thesaurus.org/trait#,TOP66
Leaflet dry mass,http://top-thesaurus.org/trait#,TOP42
Fourth order fine root lipid content per dry mass,http://top-thesaurus.org/trait#,TOP877
Frost tolerance,http://top-thesaurus.org/trait#,TOP768
Mostly self compatible plant,http://top-thesaurus.org/trait#,TOP308
Branch coarse woody debris aluminium content per branch coarse woody debris dry mass,http://top-thesaurus.org/trait#,TOP659
Branch copper content per branch dry mass,http://top-thesaurus.org/trait#,TOP417
Stem wood magnesium content per stem wood dry mass,http://top-thesaurus.org/trait#,TOP610
Fourth order fine root lignin content per dry mass,http://top-thesaurus.org/trait#,TOP852
Wood phosphorus content per wood dry mass trait,http://top-thesaurus.org/trait#,TOP743
Stem nitrogen content per stem dry mass,http://top-thesaurus.org/trait#,TOP501
Third order fine root lipid content per dry mass,http://top-thesaurus.org/trait#,TOP876
Leaf lamina area ratio,http://top-thesaurus.org/trait#,TOP89
Petiole mass per area,http://top-thesaurus.org/trait#,TOP65
Polyhemerobic,http://top-thesaurus.org/trait#,TOP789
Homogamous plant,http://top-thesaurus.org/trait#,TOP329
Cotyledon magnesium content per cotyledon dry mass,http://top-thesaurus.org/trait#,TOP438
Fine root calcium content per fine root dry mass,http://top-thesaurus.org/trait#,TOP547
Leaf lamina dry mass,http://top-thesaurus.org/trait#,TOP41
Male steril plant,http://top-thesaurus.org/trait#,TOP305
Plant potassium content per plant dry mass,http://top-thesaurus.org/trait#,TOP522
Trimonoecious plant,http://top-thesaurus.org/trait#,TOP304
Coarse woody debris silicon content per coarse woody debris dry mass trait,http://top-thesaurus.org/trait#,TOP764
Fine root boron content per fine root dry mass,http://top-thesaurus.org/trait#,TOP546
Stem coarse woody debris potassium content per stem coarse woody debris dry mass,http://top-thesaurus.org/trait#,TOP655
Branch calcium content per branch dry mass,http://top-thesaurus.org/trait#,TOP413
Alpha euhemerobic,http://top-thesaurus.org/trait#,TOP788
Coarse root hemicellulose content per coarse root dry mass,http://top-thesaurus.org/trait#,TOP897
Wood sodium content per wood dry mass trait,http://top-thesaurus.org/trait#,TOP740
Fine root lipid content per fine root dry mass,http://top-thesaurus.org/trait#,TOP873
Leaf area ratio,http://top-thesaurus.org/trait#,TOP88
Specific petiole area,http://top-thesaurus.org/trait#,TOP64
Fine root hemicellulose content per fine root dry mass,http://top-thesaurus.org/trait#,TOP899
Fine root carbon content per fine root dry mass,http://top-thesaurus.org/trait#,TOP548
Leaf dry mass,http://top-thesaurus.org/trait#,TOP40
Stem coarse woody debris sulfur content per stem coarse woody debris dry mass,http://top-thesaurus.org/trait#,TOP657
Branch chlorine content per branch dry mass,http://top-thesaurus.org/trait#,TOP415
Plant self incompatibility type,http://top-thesaurus.org/trait#,TOP306
Cotyledon manganese content per cotyledon dry mass,http://top-thesaurus.org/trait#,TOP439
Wood nickel content per wood dry mass trait,http://top-thesaurus.org/trait#,TOP741
Branch carbon content per branch dry mass,http://top-thesaurus.org/trait#,TOP414
Coarse woody debris sulfur content per coarse woody debris dry mass trait,http://top-thesaurus.org/trait#,TOP765
Plant silicon content per plant dry mass,http://top-thesaurus.org/trait#,TOP523
Stem coarse woody debris silicon content per stem coarse woody debris dry mass,http://top-thesaurus.org/trait#,TOP656
Fine root hemicellulose content per fine root dry mass,http://top-thesaurus.org/trait#,TOP898
Fine root lipid content per fine root dry mass,http://top-thesaurus.org/trait#,TOP874
Second order fine root lignin content per per dry mass,http://top-thesaurus.org/trait#,TOP850
Leaf relative water content,http://top-thesaurus.org/trait#,TOP47
Leaf midvein thickness,http://top-thesaurus.org/trait#,TOP23
Germinule fresh mass,http://top-thesaurus.org/trait#,TOP109
Seed cobalt content per seed dry mass,http://top-thesaurus.org/trait#,TOP569
Protogynous plant,http://top-thesaurus.org/trait#,TOP327
Hydrophyte,http://top-thesaurus.org/trait#,TOP218
Stem coarse woody debris nitrogen content per stem coarse woody debris dry mass,http://top-thesaurus.org/trait#,TOP653
Pronounced protogynous plant,http://top-thesaurus.org/trait#,TOP326
Branch aluminium content per branch dry mass,http://top-thesaurus.org/trait#,TOP411
Mesohemerobic,http://top-thesaurus.org/trait#,TOP786
Root lipid content per root dry mass trait,http://top-thesaurus.org/trait#,TOP871
Seed chlorine content per seed dry mass,http://top-thesaurus.org/trait#,TOP568
Branch coarse woody debris zinc content per branch coarse woody debris dry mass,http://top-thesaurus.org/trait#,TOP677
Androdioecious plant,http://top-thesaurus.org/trait#,TOP302
Cotyledon cobalt content per cotyledon dry mass,http://top-thesaurus.org/trait#,TOP435
Plant nitrogen content per plant dry mass,http://top-thesaurus.org/trait#,TOP520
Coarse woody debris phosphorus content per coarse woody debris dry mass trait,http://top-thesaurus.org/trait#,TOP762
Leaf hemicellulose content per leaf area,http://top-thesaurus.org/trait#,TOP895
Leaf lamina dry matter content,http://top-thesaurus.org/trait#,TOP46
Leaf lamina thickness excluding midvein,http://top-thesaurus.org/trait#,TOP22
Geophyte,http://top-thesaurus.org/trait#,TOP219
Shoot boron content per shoot dry mass,http://top-thesaurus.org/trait#,TOP679
Cotyledon iron content per cotyledon dry mass,http://top-thesaurus.org/trait#,TOP437
Slightly protogynous plant,http://top-thesaurus.org/trait#,TOP328
Coarse woody debris potassium content per coarse woody debris dry mass trait,http://top-thesaurus.org/trait#,TOP763
Coarse root lipid content per coarse root dry mass,http://top-thesaurus.org/trait#,TOP872
Trioecious plant,http://top-thesaurus.org/trait#,TOP303
Branch boron content per branch dry mass,http://top-thesaurus.org/trait#,TOP412
Stem coarse woody debris phosphorus content per stem coarse woody debris dry mass,http://top-thesaurus.org/trait#,TOP654
Plant phosphorus content per plant dry mass,http://top-thesaurus.org/trait#,TOP521
Beta euhemerobic,http://top-thesaurus.org/trait#,TOP787
Cotyledon copper content per cotyledon dry mass,http://top-thesaurus.org/trait#,TOP436
Fine root aluminium content per fine root dry mass,http://top-thesaurus.org/trait#,TOP545
Shoot aluminium content per shoot dry mass,http://top-thesaurus.org/trait#,TOP678
Root hemicellulose content per root dry mass trait,http://top-thesaurus.org/trait#,TOP896
Stem and branch trait,http://top-thesaurus.org/trait#,TOP8
Plant height vegetative,http://top-thesaurus.org/trait#,TOP69
Leaf dry matter content,http://top-thesaurus.org/trait#,TOP45
Leaf lamina thickness,http://top-thesaurus.org/trait#,TOP21
Animals internal dispersed plant,http://top-thesaurus.org/trait#,TOP349
Seed fresh mass,http://top-thesaurus.org/trait#,TOP107
Seed calcium content per seed dry mass,http://top-thesaurus.org/trait#,TOP566
Branch coarse woody debris silicon content per branch coarse woody debris dry mass,http://top-thesaurus.org/trait#,TOP675
Dispersule fresh mass trait,http://top-thesaurus.org/trait#,TOP106
Pseudophanerophyte,http://top-thesaurus.org/trait#,TOP215
Cotyledon carbon content per cotyledon dry mass,http://top-thesaurus.org/trait#,TOP433
Cotyledon hemicellulose content per cotyledon dry mass,http://top-thesaurus.org/trait#,TOP893
Anemochory,http://top-thesaurus.org/trait#,TOP348
Environmental tolerance,http://top-thesaurus.org/trait#,TOP699
Heterostylous flower,http://top-thesaurus.org/trait#,TOP324
Leaf magnesium content per leaf dry mass,http://top-thesaurus.org/trait#,TOP457
Coarse woody debris nickel content per coarse woody debris dry mass trait,http://top-thesaurus.org/trait#,TOP760
Gynodioecious plant,http://top-thesaurus.org/trait#,TOP300
Stem coarse woody debris sodium content per stem coarse woody debris dry mass,http://top-thesaurus.org/trait#,TOP651
Ahemerobic,http://top-thesaurus.org/trait#,TOP784
Flower and dispersule trait,http://top-thesaurus.org/trait#,TOP7
Litter and coarse woody debris trait,http://top-thesaurus.org/trait#,TOP9
Plant height trait,http://top-thesaurus.org/trait#,TOP68
Leaf dry matter content trait,http://top-thesaurus.org/trait#,TOP44
Leaf thickness,http://top-thesaurus.org/trait#,TOP20
Leaf molybdenum content per leaf dry mass,http://top-thesaurus.org/trait#,TOP459
Fruit fresh mass,http://top-thesaurus.org/trait#,TOP108
Hemicryptophyte,http://top-thesaurus.org/trait#,TOP217
Plant dichogamy type,http://top-thesaurus.org/trait#,TOP325
Cotyledon chlorine content per cotyledon dry mass,http://top-thesaurus.org/trait#,TOP434
Oligohemerobic,http://top-thesaurus.org/trait#,TOP785
Leaf hemicellulose content per leaf dry mass,http://top-thesaurus.org/trait#,TOP894
Chamaephyte,http://top-thesaurus.org/trait#,TOP216
Branch coarse woody debris sulfur content per branch coarse woody debris dry mass,http://top-thesaurus.org/trait#,TOP676
Leaf lipid content per leaf area,http://top-thesaurus.org/trait#,TOP870
Leaf manganese content per leaf dry mass,http://top-thesaurus.org/trait#,TOP458
Andromonoecious plant,http://top-thesaurus.org/trait#,TOP301
Seed carbon content per seed dry mass,http://top-thesaurus.org/trait#,TOP567
Coarse root zinc content per coarse root dry mass,http://top-thesaurus.org/trait#,TOP410
Coarse woody debris nitrogen content per coarse woody debris dry mass trait,http://top-thesaurus.org/trait#,TOP761
Stem coarse woody debris nickel content per stem coarse woody debris dry mass,http://top-thesaurus.org/trait#,TOP652
Leaflet area,http://top-thesaurus.org/trait#,TOP27
Plant generative reproduction type,http://top-thesaurus.org/trait#,TOP129
Vegetative plant,http://top-thesaurus.org/trait#,TOP128
Bipinnate leaf,http://top-thesaurus.org/trait#,TOP237
Litter cobalt content per litter dry mass,http://top-thesaurus.org/trait#,TOP588
Nitrogen uptake rate per fine root dry mass,http://top-thesaurus.org/trait#,TOP697
Leaf copper content per leaf dry mass,http://top-thesaurus.org/trait#,TOP455
Fruit mass,http://top-thesaurus.org/trait#,TOP104
Nanophanerophyte,http://top-thesaurus.org/trait#,TOP213
Stem wood hemicellulose content per stem wood dry mass,http://top-thesaurus.org/trait#,TOP891
Plant dispersal syndrome,http://top-thesaurus.org/trait#,TOP346
Leaf sodium content per leaf area,http://top-thesaurus.org/trait#,TOP479
Ellenberg  heavy metals value,http://top-thesaurus.org/trait#,TOP782
Distylous flower,http://top-thesaurus.org/trait#,TOP322
Seed aluminium content per seed dry mass,http://top-thesaurus.org/trait#,TOP564
Branch coarse woody debris phosphorus content per branch coarse woody debris dry mass,http://top-thesaurus.org/trait#,TOP673
Cotyledon boron content per cotyledon dry mass,http://top-thesaurus.org/trait#,TOP431
Leaf lamina area,http://top-thesaurus.org/trait#,TOP26
Ensiform leaf,http://top-thesaurus.org/trait#,TOP239
Unassisted dispersed plant,http://top-thesaurus.org/trait#,TOP347
Leaf iron content per leaf dry mass,http://top-thesaurus.org/trait#,TOP456
Germinule mass,http://top-thesaurus.org/trait#,TOP105
Tubular leaf,http://top-thesaurus.org/trait#,TOP238
Seed boron content per seed dry mass,http://top-thesaurus.org/trait#,TOP565
Environmental indicator,http://top-thesaurus.org/trait#,TOP698
Tristylous flower,http://top-thesaurus.org/trait#,TOP323
Branch wood hemicellulose content per branch wood dry mass,http://top-thesaurus.org/trait#,TOP892
Hemiphanerophyte,http://top-thesaurus.org/trait#,TOP214
Litter copper content per litter dry mass,http://top-thesaurus.org/trait#,TOP589
Stem coarse woody debris molybdenum content per stem coarse woody debris dry mass,http://top-thesaurus.org/trait#,TOP650
Cotyledon calcium content per cotyledon dry mass,http://top-thesaurus.org/trait#,TOP432
Hemeroby,http://top-thesaurus.org/trait#,TOP783
Branch coarse woody debris potassium content per branch coarse woody debris dry mass,http://top-thesaurus.org/trait#,TOP674
Specific leaf area trait,http://top-thesaurus.org/trait#,TOP49
Leaf area,http://top-thesaurus.org/trait#,TOP25
Leaf manganese content per leaf area,http://top-thesaurus.org/trait#,TOP477
Generative and vegetative plant,http://top-thesaurus.org/trait#,TOP126
Palmate leaf,http://top-thesaurus.org/trait#,TOP235
Stomatal conductance for h2o,http://top-thesaurus.org/trait#,TOP368
Dispersule mass trait,http://top-thesaurus.org/trait#,TOP102
Phanerophyte,http://top-thesaurus.org/trait#,TOP211
Fine root sulfur content per fine root dry mass,http://top-thesaurus.org/trait#,TOP562
Branch coarse woody debris nickel content per branch coarse woody debris dry mass,http://top-thesaurus.org/trait#,TOP671
Flower is wind or water pollinated flower,http://top-thesaurus.org/trait#,TOP344
Litter carbon content per litter dry mass,http://top-thesaurus.org/trait#,TOP586
Shoot sulfur content per shoot dry mass,http://top-thesaurus.org/trait#,TOP695
Flower heterostyly type,http://top-thesaurus.org/trait#,TOP320
Leaf chlorine content per leaf dry mass,http://top-thesaurus.org/trait#,TOP453
Ellenberg nutrient value,http://top-thesaurus.org/trait#,TOP780
Leaf lamina relative water content,http://top-thesaurus.org/trait#,TOP48
Leaf area trait,http://top-thesaurus.org/trait#,TOP24
Leaf molybdenum content per leaf area,http://top-thesaurus.org/trait#,TOP478
Stomatal conductance for co2,http://top-thesaurus.org/trait#,TOP369
Litter chlorine content per litter dry mass,http://top-thesaurus.org/trait#,TOP587
Mostly vegetative plant,http://top-thesaurus.org/trait#,TOP127
Animal pollinated flower,http://top-thesaurus.org/trait#,TOP345
Seed mass,http://top-thesaurus.org/trait#,TOP103
Pinnate leaf,http://top-thesaurus.org/trait#,TOP236
Homostylous flower,http://top-thesaurus.org/trait#,TOP321
Cotyledon aluminium content per cotyledon dry mass,http://top-thesaurus.org/trait#,TOP430
Ellenberg reaction value,http://top-thesaurus.org/trait#,TOP781
Macrophanerophyte,http://top-thesaurus.org/trait#,TOP212
Branch coarse woody debris nitrogen content per branch coarse woody debris dry mass,http://top-thesaurus.org/trait#,TOP672
Leaf cobalt content per leaf dry mass,http://top-thesaurus.org/trait#,TOP454
Fine root zinc content per fine root dry mass,http://top-thesaurus.org/trait#,TOP563
Shoot zinc content per shoot dry mass,http://top-thesaurus.org/trait#,TOP696
Wood hemicellulose content per wood dry mass trait,http://top-thesaurus.org/trait#,TOP890
Stem sodium content per stem dry mass,http://top-thesaurus.org/trait#,TOP499
Shoot metamorphosis,http://top-thesaurus.org/trait#,TOP148
Generative plant,http://top-thesaurus.org/trait#,TOP124
Pinnatifid leaf,http://top-thesaurus.org/trait#,TOP233
Litter boron content per litter dry mass,http://top-thesaurus.org/trait#,TOP584
Shoot potassium content per shoot dry mass,http://top-thesaurus.org/trait#,TOP693
Root respiration rate per root dry mass,http://top-thesaurus.org/trait#,TOP366
Leaf calcium content per leaf dry mass,http://top-thesaurus.org/trait#,TOP451
Fruit thickness,http://top-thesaurus.org/trait#,TOP100
Bird pollinated flower,http://top-thesaurus.org/trait#,TOP342
Leaf iron content per leaf area,http://top-thesaurus.org/trait#,TOP475
Fine root potassium content per fine root dry mass,http://top-thesaurus.org/trait#,TOP560
Plant characteristics,http://top-thesaurus.org/trait#,TOP1
Elongated leaf-bearing rhizomatous shoot,http://top-thesaurus.org/trait#,TOP149
Stomatal conductance trait,http://top-thesaurus.org/trait#,TOP367
Mostly generative plant,http://top-thesaurus.org/trait#,TOP125
Slug pollinated flower,http://top-thesaurus.org/trait#,TOP343
Leaf carbon content per leaf dry mass,http://top-thesaurus.org/trait#,TOP452
Fine root silicon content per fine root dry mass,http://top-thesaurus.org/trait#,TOP561
Shoot silicon content per shoot dry mass,http://top-thesaurus.org/trait#,TOP694
Germinule thickness,http://top-thesaurus.org/trait#,TOP101
Digitate leaf,http://top-thesaurus.org/trait#,TOP234
Leaf magnesium content per leaf area,http://top-thesaurus.org/trait#,TOP476
Plant life form,http://top-thesaurus.org/trait#,TOP210
Litter calcium content per litter dry mass,http://top-thesaurus.org/trait#,TOP585
Plant trait,http://top-thesaurus.org/trait#,TOP2
Branch coarse woody debris sodium content per branch coarse woody debris dry mass,http://top-thesaurus.org/trait#,TOP670
Leaf sugar content per leaf dry mass,http://top-thesaurus.org/trait#,TOP919
Leaf volume trait,http://top-thesaurus.org/trait#,TOP29
Monopodial-deliquescent stem,http://top-thesaurus.org/trait#,TOP146
Plant life span,http://top-thesaurus.org/trait#,TOP255
Leaf cobalt content per leaf area,http://top-thesaurus.org/trait#,TOP473
Bark potassium content per bark dry mass,http://top-thesaurus.org/trait#,TOP388
Pseudogamous plant,http://top-thesaurus.org/trait#,TOP122
Rhombic leaf,http://top-thesaurus.org/trait#,TOP231
Stem respiration rate per stem dry mass,http://top-thesaurus.org/trait#,TOP364
Stem manganese content per stem dry mass,http://top-thesaurus.org/trait#,TOP497
Insect pollinated flower,http://top-thesaurus.org/trait#,TOP340
Seed zinc content per seed dry mass,http://top-thesaurus.org/trait#,TOP582
Shoot nitrogen content per shoot dry mass,http://top-thesaurus.org/trait#,TOP691
Leaflet lamina area,http://top-thesaurus.org/trait#,TOP28
Bark silicon content per bark dry mass,http://top-thesaurus.org/trait#,TOP389
Sympodial stem,http://top-thesaurus.org/trait#,TOP147
Root respiration rate per root surface area,http://top-thesaurus.org/trait#,TOP365
Leaf copper content per leaf area,http://top-thesaurus.org/trait#,TOP474
Plant reproduction type,http://top-thesaurus.org/trait#,TOP123
Plant species floristic zone,http://top-thesaurus.org/trait#,TOP256
Litter aluminium content per litter dry mass,http://top-thesaurus.org/trait#,TOP583
Stem molybdenum content per stem dry mass,http://top-thesaurus.org/trait#,TOP498
Bat pollinated flower,http://top-thesaurus.org/trait#,TOP341
Lobate leaf,http://top-thesaurus.org/trait#,TOP232
Measurement,http://top-thesaurus.org/trait#,TOP0
Leaf boron content per leaf dry mass,http://top-thesaurus.org/trait#,TOP450
Shoot phosphorus content per shoot dry mass,http://top-thesaurus.org/trait#,TOP692
Boreal population,http://top-thesaurus.org/trait#,TOP808
Branch wood sugar content per branch wood dry mass,http://top-thesaurus.org/trait#,TOP917
Hypocotyl bulb,http://top-thesaurus.org/trait#,TOP168
Stem iron content per stem dry mass,http://top-thesaurus.org/trait#,TOP495
Extensive-stemmed,http://top-thesaurus.org/trait#,TOP144
White flower,http://top-thesaurus.org/trait#,TOP253
Bark nitrogen content per bark dry mass,http://top-thesaurus.org/trait#,TOP386
Seed silicon content per seed dry mass,http://top-thesaurus.org/trait#,TOP580
Plant apomixis type,http://top-thesaurus.org/trait#,TOP120
Leaf dark respiration rate per leaf dry mass,http://top-thesaurus.org/trait#,TOP362
Leaf carbon content per leaf area,http://top-thesaurus.org/trait#,TOP471
Shoot trait,http://top-thesaurus.org/trait#,TOP5
Cotyledon sugar content per cotyledon dry mass,http://top-thesaurus.org/trait#,TOP918
Arctic population,http://top-thesaurus.org/trait#,TOP809
Thickened primary root,http://top-thesaurus.org/trait#,TOP169
Bark phosphorus content per bark dry mass,http://top-thesaurus.org/trait#,TOP387
Stem magnesium content per stem dry mass,http://top-thesaurus.org/trait#,TOP496
Monopodial-excurrent stem,http://top-thesaurus.org/trait#,TOP145
Stem respiration rate per stem surface area,http://top-thesaurus.org/trait#,TOP363
Autonomous plant,http://top-thesaurus.org/trait#,TOP121
Leaf life span,http://top-thesaurus.org/trait#,TOP254
Eliptic leaf,http://top-thesaurus.org/trait#,TOP230
Shoot nickel content per shoot dry mass,http://top-thesaurus.org/trait#,TOP690
Leaf chlorine content per leaf area,http://top-thesaurus.org/trait#,TOP472
Seed sulfur content per seed dry mass,http://top-thesaurus.org/trait#,TOP581
Leaf trait,http://top-thesaurus.org/trait#,TOP6
Submeridional population,http://top-thesaurus.org/trait#,TOP806
Specific second order fine root length,http://top-thesaurus.org/trait#,TOP939
Wood sugar content per wood dry mass trait,http://top-thesaurus.org/trait#,TOP915
Gynomonoecious plant,http://top-thesaurus.org/trait#,TOP299
Plant storage organ,http://top-thesaurus.org/trait#,TOP166
Cushion,http://top-thesaurus.org/trait#,TOP142
Various colored flower,http://top-thesaurus.org/trait#,TOP251
Bark sodium content per bark dry mass,http://top-thesaurus.org/trait#,TOP384
Whole plant trait,http://top-thesaurus.org/trait#,TOP3
Stem photosynthetic rate per stem dry mass,http://top-thesaurus.org/trait#,TOP360
Stem cobalt content per stem dry mass,http://top-thesaurus.org/trait#,TOP493
Temperate population,http://top-thesaurus.org/trait#,TOP807
Stem wood sugar content per stem wood dry mass,http://top-thesaurus.org/trait#,TOP916
Tufted shoot,http://top-thesaurus.org/trait#,TOP167
Bark nickel content per bark dry mass,http://top-thesaurus.org/trait#,TOP385
Tussock,http://top-thesaurus.org/trait#,TOP143
Leaf dark respiration rate per leaf area,http://top-thesaurus.org/trait#,TOP361
Leaf calcium content per leaf area,http://top-thesaurus.org/trait#,TOP470
Violet flower,http://top-thesaurus.org/trait#,TOP252
Stem copper content per stem dry mass,http://top-thesaurus.org/trait#,TOP494
Root trait,http://top-thesaurus.org/trait#,TOP4
